No,Code,CompanyName,DateRecording,stocks,recordingboard
1,AALI,Astra Agro Lestari Tbk.,09 Des 1997,1.924.688.333,Utama
2,ABBA,Mahaka Media Tbk.,03 Apr 2002,2.755.125.000,Pengembangan
3,ABDA,Asuransi Bina Dana Arta Tbk.,06 Jul 1989,620.806.680,Pengembangan
4,ABMM,ABM Investama Tbk.,06 Des 2011,2.753.165.000,Utama
5,ACES,Ace Hardware Indonesia Tbk.,06 Nov 2007,17.150.000.000,Utama
6,ACST,Acset Indonusa Tbk.,24 Jun 2013,6.425.160.000,Utama
7,ADES,Akasha Wira International Tbk.,13 Jun 1994,589.896.800,Pengembangan
8,ADHI,Adhi Karya (Persero) Tbk.,18 Mar 2004,3.560.849.376,Utama
9,ADMF,Adira Dinamika Multi Finance T,31 Mar 2004,1.000.000.000,Utama
10,ADMG,Polychem Indonesia Tbk,20 Okt 1993,3.889.179.559,Utama
11,ADRO,Adaro Energy Tbk.,16 Jul 2008,31.985.962.000,Utama
12,AGAR,Asia Sejahtera Mina Tbk.,02 Des 2019,1.000.000.000,Pengembangan
13,AGII,Aneka Gas Industri Tbk.,28 Sep 2016,3.066.660.000,Utama
14,AGRO,Bank Rakyat Indonesia Agroniag,08 Ags 2003,21.129.857.328,Utama
15,AGRS,Bank IBK Indonesia Tbk.,22 Des 2014,11.154.923.542,Pengembangan
16,AHAP,Asuransi Harta Aman Pratama Tb,14 Sep 1990,2.940.000.000,Pengembangan
17,AIMS,Akbar Indo Makmur Stimec Tbk,20 Jul 2001,220.000.000,Pengembangan
18,AISA,Tiga Pilar Sejahtera Food Tbk.,11 Jun 1997,9.311.800.000,Utama
19,AKKU,Anugerah Kagum Karya Utama Tbk,01 Nov 2004,6.449.463.636,Pengembangan
20,AKPI,Argha Karya Prima Industry Tbk,18 Des 1992,680.000.000,Pengembangan
21,AKRA,AKR Corporindo Tbk.,03 Okt 1994,4.014.694.920,Utama
22,AKSI,Maming Enam Sembilan Mineral T,13 Jul 2001,720.000.000,Pengembangan
23,ALDO,Alkindo Naratama Tbk.,12 Jul 2011,1.100.000.000,Pengembangan
24,ALKA,Alakasa Industrindo Tbk,12 Jul 1990,507.665.055,Pengembangan
25,ALMI,Alumindo Light Metal Industry,02 Jan 1997,616.000.000,Pengembangan
26,ALTO,Tri Banyan Tirta Tbk.,10 Jul 2012,2.191.870.558,Utama
27,AMAG,Asuransi Multi Artha Guna Tbk.,23 Des 2005,5.001.552.516,Pengembangan
28,AMAN,Makmur Berkah Amanda Tbk.,13 Mar 2020,3.873.500.000,Utama
29,AMAR,Bank Amar Indonesia Tbk.,09 Jan 2020,7.954.749.000,Pengembangan
30,AMFG,Asahimas Flat Glass Tbk.,08 Nov 1995,434.000.000,Utama
31,AMIN,Ateliers Mecaniques D Indonesi,10 Des 2015,1.080.000.000,Pengembangan
32,AMOR,Ashmore Asset Management Indon,14 Jan 2020,1.111.111.200,Pengembangan
33,AMRT,Sumber Alfaria Trijaya Tbk.,15 Jan 2009,41.524.501.700,Utama
34,ANDI,Andira Agro Tbk.,16 Ags 2018,9.350.000.000,Pengembangan
35,ANJT,Austindo Nusantara Jaya Tbk.,08 Mei 2013,3.354.175.000,Utama
36,ANTM,Aneka Tambang Tbk.,27 Nov 1997,24.030.764.725,Utama
37,APEX,Apexindo Pratama Duta Tbk.,10 Jul 2002,2.659.850.000,Pengembangan
38,APIC,Pacific Strategic Financial Tb,18 Des 2002,11.766.313.488,Pengembangan
39,APII,Arita Prima Indonesia Tbk.,29 Okt 2013,1.075.760.000,Pengembangan
40,APLI,Asiaplast Industries Tbk.,01 Mei 2000,1.362.671.400,Utama
41,APLN,Agung Podomoro Land Tbk.,11 Nov 2010,22.699.326.779,Utama
42,ARGO,Argo Pantes Tbk,07 Jan 1991,335.557.450,Pengembangan
43,ARII,Atlas Resources Tbk.,08 Nov 2011,3.000.000.000,Pengembangan
44,ARKA,Arkha Jayanti Persada Tbk.,10 Jul 2019,2.000.000.000,Pengembangan
45,ARMY,Armidian Karyatama Tbk.,21 Jun 2017,9.006.250.000,Pengembangan
46,ARNA,Arwana Citramulia Tbk.,17 Jul 2001,7.341.430.976,Utama
47,ARTA,Arthavest Tbk,05 Nov 2002,446.674.175,Pengembangan
48,ARTI,Ratu Prabu Energi Tbk,30 Apr 2003,7.840.000.000,Utama
49,ARTO,Bank Jago Tbk.,12 Jan 2016,10.747.687.500,Pengembangan
50,ASBI,Asuransi Bintang Tbk.,29 Nov 1989,348.386.472,Pengembangan
51,ASDM,Asuransi Dayin Mitra Tbk.,15 Des 1989,192.000.000,Utama
52,ASGR,Astra Graphia Tbk.,15 Nov 1989,1.348.780.500,Utama
53,ASII,Astra International Tbk.,04 Apr 1990,40.483.553.140,Utama
54,ASJT,Asuransi Jasa Tania Tbk.,29 Des 2003,600.000.000,Pengembangan
55,ASMI,Asuransi Kresna Mitra Tbk.,16 Jan 2014,8.958.380.460,Utama
56,ASPI,Andalan Sakti Primaindo Tbk.,17 Feb 2020,681.792.805,Pengembangan
57,ASRI,Alam Sutera Realty Tbk.,18 Des 2007,19.649.411.888,Utama
58,ASRM,Asuransi Ramayana Tbk.,19 Mar 1990,304.283.840,Pengembangan
59,ASSA,Adi Sarana Armada Tbk.,12 Nov 2012,3.397.500.000,Utama
60,ATAP,Trimitra Prawara Goldland Tbk.,11 Des 2020,1.250.000.000,Pengembangan
61,ATIC,Anabatic Technologies Tbk.,08 Jul 2015,2.315.361.355,Utama
62,AUTO,Astra Otoparts Tbk.,15 Jun 1998,4.819.733.000,Utama
63,AYLS,Agro Yasa Lestari Tbk.,12 Feb 2020,853.423.205,Pengembangan
64,BABP,Bank MNC Internasional Tbk.,15 Jul 2002,25.061.670.687,Pengembangan
65,BACA,Bank Capital Indonesia Tbk.,04 Okt 2007,7.001.042.507,Pengembangan
66,BAJA,Saranacentral Bajatama Tbk.,21 Des 2011,1.800.000.000,Pengembangan
67,BALI,Bali Towerindo Sentra Tbk.,13 Mar 2014,3.934.592.500,Pengembangan
68,BAPA,Bekasi Asri Pemula Tbk.,14 Jan 2008,661.784.520,Utama
69,BAPI,Bhakti Agung Propertindo Tbk.,16 Sep 2019,5.591.740.000,Pengembangan
70,BATA,Sepatu Bata Tbk.,24 Mar 1982,1.300.000.000,Utama
71,BAYU,Bayu Buana Tbk,30 Okt 1989,353.220.780,Pengembangan
72,BBCA,Bank Central Asia Tbk.,31 Mei 2000,24.408.459.900,Utama
73,BBHI,Bank Harda Internasional Tbk.,12 Ags 2015,4.142.587.477,Pengembangan
74,BBKP,Bank Bukopin Tbk.,10 Jul 2006,32.510.124.471,Utama
75,BBLD,Buana Finance Tbk.,07 Mei 1990,1.645.796.054,Pengembangan
76,BBMD,Bank Mestika Dharma Tbk.,08 Jul 2013,4.049.189.100,Utama
77,BBNI,Bank Negara Indonesia (Persero,25 Nov 1996,18.462.169.893,Utama
78,BBRI,Bank Rakyat Indonesia (Persero,10 Nov 2003,122.112.351.900,Utama
79,BBRM,Pelayaran Nasional Bina Buana,09 Jan 2013,5.367.076.248,Utama
80,BBSI,Bank Bisnis Internasional Tbk.,07 Sep 2020,2.996.264.110,Pengembangan
81,BBSS,Bumi Benowo Sukses Sejahtera T,15 Apr 2020,4.800.000.000,Pengembangan
82,BBTN,Bank Tabungan Negara (Persero),17 Des 2009,10.484.100.000,Utama
83,BBYB,Bank Neo Commerce Tbk.,13 Jan 2015,6.595.177.287,Utama
84,BCAP,MNC Kapital Indonesia Tbk.,08 Jun 2001,39.760.851.927,Utama
85,BCIC,Bank JTrust Indonesia Tbk.,25 Jun 1997,9.912.003.256,Pengembangan
86,BCIP,Bumi Citra Permai Tbk.,11 Des 2009,1.429.915.525,Pengembangan
87,BDMN,Bank Danamon Indonesia Tbk.,06 Des 1989,9.675.817.341,Utama
88,BEEF,Estika Tata Tiara Tbk.,10 Jan 2019,1.884.312.585,Pengembangan
89,BEKS,Bank Pembangunan Daerah Banten,13 Jul 2001,8.505.676.082,Pengembangan
90,BELL,Trisula Textile Industries Tbk,03 Okt 2017,7.250.000.000,Pengembangan
91,BESS,Batulicin Nusantara Maritim Tb,09 Mar 2020,3.402.032.702,Pengembangan
92,BEST,Bekasi Fajar Industrial Estate,10 Apr 2012,9.647.311.150,Utama
93,BFIN,BFI Finance Indonesia Tbk.,16 Mei 1990,15.967.115.620,Utama
94,BGTG,Bank Ganesha Tbk.,12 Mei 2016,11.063.309.400,Pengembangan
95,BHAT,Bhakti Multi Artha Tbk.,15 Apr 2020,5.000.000.000,Pengembangan
96,BHIT,MNC Investama Tbk.,24 Nov 1997,73.766.098.834,Utama
97,BIKA,Binakarya Jaya Abadi Tbk.,14 Jul 2015,592.280.000,Pengembangan
98,BIMA,Primarindo Asia Infrastructure,30 Ags 1994,608.175.716,Pengembangan
99,BINA,Bank Ina Perdana Tbk.,16 Jan 2014,5.597.831.250,Utama
100,BIPI,Astrindo Nusantara Infrastrukt,11 Feb 2010,44.693.066.193,Pengembangan
101,BIPP,Bhuwanatala Indah Permai Tbk.,23 Okt 1995,5.028.669.366,Pengembangan
102,BIRD,Blue Bird Tbk.,05 Nov 2014,2.502.100.000,Utama
103,BISI,BISI International Tbk.,28 Mei 2007,3.000.000.000,Utama
104,BJBR,Bank Pembangunan Daerah Jawa B,08 Jul 2010,9.740.399.289,Utama
105,BJTM,Bank Pembangunan Daerah Jawa T,12 Jul 2012,14.865.343.101,Utama
106,BKDP,Bukit Darmo Property Tbk,15 Jun 2007,7.513.992.252,Pengembangan
107,BKSL,Sentul City Tbk.,28 Jul 1997,67.083.561.082,Utama
108,BKSW,Bank QNB Indonesia Tbk.,21 Nov 2002,20.232.319.124,Pengembangan
109,BLTA,Berlian Laju Tanker Tbk,26 Mar 1990,25.940.187.103,Utama
110,BLTZ,Graha Layar Prima Tbk.,10 Apr 2014,873.937.142,Pengembangan
111,BLUE,Berkah Prima Perkasa Tbk.,08 Jul 2019,418.000.000,Pengembangan
112,BMAS,Bank Maspion Indonesia Tbk.,11 Jul 2013,4.399.026.922,Pengembangan
113,BMRI,Bank Mandiri (Persero) Tbk.,14 Jul 2003,46.199.999.998,Utama
114,BMSR,Bintang Mitra Semestaraya Tbk,29 Des 1999,1.159.200.024,Utama
115,BMTR,Global Mediacom Tbk.,17 Jul 1995,16.583.997.586,Utama
116,BNBA,Bank Bumi Arta Tbk.,01 Jun 2006,2.286.900.000,Utama
117,BNBR,Bakrie & Brothers Tbk,28 Ags 1989,20.863.053.480,Pengembangan
118,BNGA,Bank CIMB Niaga Tbk.,29 Nov 1989,24.880.290.775,Utama
119,BNII,Bank Maybank Indonesia Tbk.,21 Nov 1989,75.357.433.911,Utama
120,BNLI,Bank Permata Tbk.,15 Jan 1990,27.762.311.813,Utama
121,BOGA,Bintang Oto Global Tbk.,19 Des 2016,3.803.526.210,Pengembangan
122,BOLA,Bali Bintang Sejahtera Tbk.,17 Jun 2019,6.000.000.000,Pengembangan
123,BOLT,Garuda Metalindo Tbk.,07 Jul 2015,2.343.750.000,Pengembangan
124,BOSS,Borneo Olah Sarana Sukses Tbk.,15 Feb 2018,1.400.000.000,Pengembangan
125,BPFI,Batavia Prosperindo Finance Tb,01 Jun 2009,1.782.663.575,Pengembangan
126,BPII,Batavia Prosperindo Internasio,08 Jul 2014,562.224.662,Pengembangan
127,BPTR,Batavia Prosperindo Trans Tbk.,09 Jul 2018,1.550.000.000,Utama
128,BRAM,Indo Kordsa Tbk.,05 Sep 1990,450.000.000,Utama
129,BRIS,Bank BRIsyariah Tbk.,01 Jan 1911,9.803.347.563,Utama
130,BRMS,Bumi Resources Minerals Tbk.,09 Des 2010,71.007.759.834,Pengembangan
131,BRNA,Berlina Tbk.,06 Nov 1989,979.110.000,Pengembangan
132,BRPT,Barito Pacific Tbk.,01 Okt 1993,93.388.796.090,Utama
133,BSDE,Bumi Serpong Damai Tbk.,06 Jun 2008,21.171.365.812,Utama
134,BSIM,Bank Sinarmas Tbk.,13 Des 2010,17.263.895.026,Utama
135,BSSR,Baramulti Suksessarana Tbk.,08 Nov 2012,2.616.500.000,Pengembangan
136,BSWD,Bank Of India Indonesia Tbk.,01 Mei 2002,1.374.912.000,Pengembangan
137,BTEK,Bumi Teknokultura Unggul Tbk,14 Mei 2004,46.277.496.376,Pengembangan
138,BTEL,Bakrie Telecom Tbk.,03 Feb 2006,36.822.665.755,Utama
139,BTON,Betonjaya Manunggal Tbk.,18 Jul 2001,720.000.000,Pengembangan
140,BTPN,Bank BTPN Tbk.,12 Mar 2008,8.065.879.461,Utama
141,BTPS,Bank BTPN Syariah Tbk.,08 Mei 2018,7.626.663.000,Utama
142,BUDI,Budi Starch & Sweetener Tbk.,08 Mei 1995,4.498.997.362,Utama
143,BUKK,Bukaka Teknik Utama Tbk.,09 Jan 1995,2.640.452.000,Pengembangan
144,BULL,Buana Lintas Lautan Tbk.,23 Mei 2011,12.893.768.996,Utama
145,BUMI,Bumi Resources Tbk.,30 Jul 1990,68.228.705.555,Pengembangan
146,BUVA,Bukit Uluwatu Villa Tbk.,12 Jul 2010,6.811.269.200,Pengembangan
147,BVIC,Bank Victoria International Tb,30 Jun 1999,8.862.427.568,Utama
148,BWPT,Eagle High Plantations Tbk.,27 Okt 2009,31.525.291.000,Utama
149,BYAN,Bayan Resources Tbk.,12 Ags 2008,3.333.333.500,Utama
150,CAKK,Cahayaputra Asa Keramik Tbk.,31 Okt 2018,1.203.300.219,Pengembangan
151,CAMP,Campina Ice Cream Industry Tbk,19 Des 2017,5.885.000.000,Utama
152,CANI,Capitol Nusantara Indonesia Tb,16 Jan 2014,833.440.000,Pengembangan
153,CARE,Metro Healthcare Indonesia Tbk,13 Mar 2020,33.250.000.000,Pengembangan
154,CARS,Industri dan Perdagangan Bintr,10 Apr 2017,15.000.000.000,Utama
155,CASA,Capital Financial Indonesia Tb,19 Jul 2016,54.476.253.593,Pengembangan
156,CASH,Cashlez Worldwide Indonesia Tb,04 Mei 2020,1.431.108.207,Akselerasi
157,CASS,Cardig Aero Services Tbk.,05 Des 2011,2.086.950.000,Pengembangan
158,CBMF,Cahaya Bintang Medan Tbk.,09 Apr 2020,1.875.000.000,Pengembangan
159,CCSI,Communication Cable Systems In,18 Jun 2019,1.000.000.000,Pengembangan
160,CEKA,Wilmar Cahaya Indonesia Tbk.,09 Jul 1996,595.000.000,Utama
161,CENT,Centratama Telekomunikasi Indo,01 Nov 2001,31.183.464.900,Pengembangan
162,CFIN,Clipan Finance Indonesia Tbk.,27 Ags 1990,3.984.520.457,Utama
163,CINT,Chitose Internasional Tbk.,27 Jun 2014,1.000.000.000,Pengembangan
164,CITA,Cita Mineral Investindo Tbk.,20 Mar 2002,3.960.361.250,Pengembangan
165,CITY,Natura City Developments Tbk.,28 Sep 2018,5.402.681.845,Utama
166,CLAY,Citra Putra Realty Tbk.,18 Jan 2019,2.570.000.000,Pengembangan
167,CLEO,Sariguna Primatirta Tbk.,05 Mei 2017,12.000.000.000,Utama
168,CLPI,Colorpak Indonesia Tbk.,30 Nov 2001,306.338.500,Pengembangan
169,CMNP,Citra Marga Nusaphala Persada,10 Jan 1995,5.431.247.916,Utama
170,CMPP,AirAsia Indonesia Tbk.,08 Des 1994,10.685.124.441,Pengembangan
171,CNKO,Exploitasi Energi Indonesia Tb,21 Nov 2001,8.956.361.206,Utama
172,CNTX,Century Textile Industry Tbk.,22 Mei 1979,70.000.000,Pengembangan
173,COCO,Wahana Interfood Nusantara Tbk,20 Mar 2019,560.247.438,Pengembangan
174,COWL,Cowell Development Tbk.,19 Des 2007,4.871.214.021,Pengembangan
175,CPIN,Charoen Pokphand Indonesia Tbk,18 Mar 1991,16.398.000.000,Utama
176,CPRI,Capri Nusa Satu Properti Tbk.,11 Apr 2019,2.433.375.005,Pengembangan
177,CPRO,Central Proteina Prima Tbk.,28 Nov 2006,59.572.382.787,Utama
178,CSAP,Catur Sentosa Adiprana Tbk.,12 Des 2007,4.458.352.920,Utama
179,CSIS,Cahayasakti Investindo Sukses,10 Mei 2017,1.307.000.000,Pengembangan
180,CSMI,Cipta Selera Murni Tbk.,09 Apr 2020,816.061.500,Pengembangan
181,CSRA,Cisadane Sawit Raya Tbk.,09 Jan 2020,2.050.000.000,Pengembangan
182,CTBN,Citra Tubindo Tbk.,28 Nov 1989,800.371.500,Utama
183,CTRA,Ciputra Development Tbk.,28 Mar 1994,18.560.303.397,Utama
184,CTTH,Citatah Tbk.,03 Jul 1996,1.230.839.821,Pengembangan
185,DADA,Diamond Citra Propertindo Tbk.,14 Feb 2020,7.177.000.307,Pengembangan
186,DART,Duta Anggada Realty Tbk.,08 Mei 1990,3.141.390.962,Utama
187,DAYA,Duta Intidaya Tbk.,28 Jun 2016,2.420.547.025,Pengembangan
188,DEAL,Dewata Freightinternational Tb,09 Nov 2018,1.132.748.019,Pengembangan
189,DEFI,Danasupra Erapacific Tbk.,06 Jul 2001,687.266.666,Pengembangan
190,DEWA,Darma Henwa Tbk,26 Sep 2007,21.853.733.792,Utama
191,DFAM,Dafam Property Indonesia Tbk.,27 Apr 2018,1.899.599.640,Pengembangan
192,DGIK,Nusa Konstruksi Enjiniring Tbk,19 Des 2007,5.541.165.000,Utama
193,DIGI,Arkadia Digital Media Tbk.,18 Sep 2018,1.625.000.000,Pengembangan
194,DILD,Intiland Development Tbk.,04 Sep 1991,10.365.854.185,Utama
195,DIVA,Distribusi Voucher Nusantara T,27 Nov 2018,714.285.700,Pengembangan
196,DKFT,Central Omega Resources Tbk.,21 Nov 1997,5.638.246.600,Pengembangan
197,DLTA,Delta Djakarta Tbk.,27 Feb 1984,800.659.050,Utama
198,DMAS,Puradelta Lestari Tbk.,29 Mei 2015,48.198.111.100,Utama
199,DMMX,Digital Mediatama Maxima Tbk.,21 Okt 2019,7.692.307.700,Pengembangan
200,DMND,Diamond Food Indonesia Tbk.,22 Jan 2020,9.468.359.000,Utama
201,DNAR,Bank Oke Indonesia Tbk.,11 Jul 2014,11.447.006.258,Utama
202,DNET,Indoritel Makmur Internasional,11 Des 2000,14.184.000.000,Pengembangan
203,DOID,Delta Dunia Makmur Tbk.,15 Jun 2001,8.619.817.982,Utama
204,DPNS,Duta Pertiwi Nusantara Tbk.,08 Ags 1990,331.129.952,Utama
205,DPUM,Dua Putra Utama Makmur Tbk.,08 Des 2015,4.175.000.000,Utama
206,DSFI,Dharma Samudera Fishing Indust,24 Mar 2000,1.857.135.500,Utama
207,DSNG,Dharma Satya Nusantara Tbk.,14 Jun 2013,10.599.842.400,Utama
208,DSSA,Dian Swastatika Sentosa Tbk,10 Des 2009,770.552.320,Utama
209,DUCK,Jaya Bersama Indo Tbk.,10 Okt 2018,1.283.330.000,UTAMA
210,DUTI,Duta Pertiwi Tbk,02 Nov 1994,1.850.000.000,Pengembangan
211,DVLA,Darya-Varia Laboratoria Tbk.,11 Nov 1994,1.120.000.000,Utama
212,DWGL,Dwi Guna Laksana Tbk.,13 Des 2017,8.711.599.831,Pengembangan
213,DYAN,Dyandra Media International Tb,25 Mar 2013,4.272.964.279,Utama
214,EAST,Eastparc Hotel Tbk.,09 Jul 2019,4.126.366.095,Pengembangan
215,ECII,Electronic City Indonesia Tbk.,03 Jul 2013,1.334.333.000,Pengembangan
216,EKAD,Ekadharma International Tbk.,14 Ags 1990,698.775.000,Utama
217,ELSA,Elnusa Tbk.,06 Feb 2008,7.298.500.000,Utama
218,ELTY,Bakrieland Development Tbk.,30 Okt 1995,43.521.913.019,Utama
219,EMDE,Megapolitan Developments Tbk.,12 Jan 2011,3.350.000.000,Pengembangan
220,EMTK,Elang Mahkota Teknologi Tbk.,12 Jan 2010,5.643.957.342,Utama
221,ENRG,Energi Mega Persada Tbk.,07 Jun 2004,10.342.179.272,Pengembangan
222,ENVY,Envy Technologies Indonesia Tb,08 Jul 2019,1.800.000.000,Pengembangan
223,ENZO,Morenzo Abadi Perkasa Tbk.,14 Sep 2020,2.162.543.000,Pengembangan
224,EPAC,Megalestari Epack Sentosaraya,01 Jul 2020,3.303.400.000,Pengembangan
225,EPMT,Enseval Putera Megatrading Tbk,01 Ags 1994,2.708.640.000,Pengembangan
226,ERAA,Erajaya Swasembada Tbk.,14 Des 2011,3.190.000.000,Utama
227,ERTX,Eratex Djaja Tbk.,21 Ags 1990,1.286.539.792,Pengembangan
228,ESIP,Sinergi Inti Plastindo Tbk.,14 Nov 2019,640.000.005,Pengembangan
229,ESSA,Surya Esa Perkasa Tbk.,01 Feb 2012,15.660.887.000,Utama
230,ESTA,Esta Multi Usaha Tbk.,09 Mar 2020,630.000.000,Pengembangan
231,ESTI,Ever Shine Tex Tbk.,13 Okt 1992,2.015.208.720,Utama
232,ETWA,Eterindo Wahanatama Tbk,16 Mei 1997,968.297.000,Utama
233,EXCL,XL Axiata Tbk.,29 Sep 2005,10.706.012.530,Utama
234,FAST,Fast Food Indonesia Tbk.,11 Mei 1993,3.990.277.158,Pengembangan
235,FASW,Fajar Surya Wisesa Tbk.,19 Des 1994,2.477.888.787,Utama
236,FILM,MD Pictures Tbk.,07 Ags 2018,9.511.217.000,Utama
237,FINN,First Indo American Leasing Tb,08 Jun 2017,1.860.225.000,Pengembangan
238,FIRE,Alfa Energi Investama Tbk.,09 Jun 2017,1.475.363.179,Pengembangan
239,FISH,FKS Multi Agro Tbk.,18 Jan 2002,480.000.000,Pengembangan
240,FITT,Hotel Fitra International Tbk.,11 Jun 2019,600.000.005,Pengembangan
241,FMII,Fortune Mate Indonesia Tbk,30 Jun 2000,2.721.000.000,Pengembangan
242,FOOD,Sentra Food Indonesia Tbk.,08 Jan 2019,650.000.000,Pengembangan
243,FORU,Fortune Indonesia Tbk,17 Jan 2002,465.224.000,Pengembangan
244,FORZ,Forza Land Indonesia Tbk.,28 Apr 2017,1.984.009.887,Utama
245,FPNI,Lotte Chemical Titan Tbk.,21 Mar 2002,5.566.414.000,Pengembangan
246,FREN,Smartfren Telecom Tbk.,29 Nov 2006,263.262.540.757,Utama
247,FUJI,Fuji Finance Indonesia Tbk.,09 Jul 2019,1.105.000.000,Pengembangan
248,GAMA,Aksara Global Development Tbk.,11 Jul 2012,10.011.027.656,Utama
249,GDST,Gunawan Dianjaya Steel Tbk.,23 Des 2009,9.242.500.000,Pengembangan
250,GDYR,Goodyear Indonesia Tbk.,22 Des 1980,410.000.000,Utama
251,GEMA,Gema Grahasarana Tbk.,12 Ags 2002,1.600.000.000,Pengembangan
252,GEMS,Golden Energy Mines Tbk.,17 Nov 2011,5.882.353.000,Utama
253,GGRM,Gudang Garam Tbk.,27 Ags 1990,1.924.088.000,Utama
254,GGRP,Gunung Raja Paksi Tbk.,19 Sep 2019,12.111.376.157,Pengembangan
255,GHON,Gihon Telekomunikasi Indonesia,09 Apr 2018,550.000.000,Utama
256,GIAA,Garuda Indonesia (Persero) Tbk,11 Feb 2011,25.886.576.254,Utama
257,GJTL,Gajah Tunggal Tbk.,08 Mei 1990,3.484.800.000,Utama
258,GLOB,Global Teleshop Tbk.,10 Jul 2012,1.111.112.000,Pengembangan
259,GLVA,Galva Technologies Tbk.,23 Des 2019,1.500.000.000,Pengembangan
260,GMFI,Garuda Maintenance Facility Ae,10 Okt 2017,28.233.511.500,Utama
261,GMTD,Gowa Makassar Tourism Developm,11 Des 2000,101.538.000,Pengembangan
262,GOLD,Visi Telekomunikasi Infrastruk,07 Jul 2010,1.277.276.000,Pengembangan
263,GOLL,Golden Plantation Tbk.,23 Des 2014,3.665.000.759,Pengembangan
264,GOOD,Garudafood Putra Putri Jaya Tb,10 Okt 2018,7.379.580.291,Utama
265,GPRA,Perdana Gapuraprima Tbk.,10 Okt 2007,4.276.655.336,Utama
266,GSMF,Equity Development Investment,23 Okt 1989,7.454.723.337,Pengembangan
267,GTBO,Garda Tujuh Buana Tbk,09 Jul 2009,2.500.000.000,Pengembangan
268,GWSA,Greenwood Sejahtera Tbk.,23 Des 2011,7.800.760.000,Utama
269,GZCO,Gozco Plantations Tbk.,15 Mei 2008,6.000.000.000,Utama
270,HADE,Himalaya Energi Perkasa Tbk.,12 Apr 2004,2.120.000.000,Pengembangan
271,HDFA,Radana Bhaskara Finance Tbk.,10 Mei 2011,6.096.972.783,Utama
272,HDIT,Hensel Davest Indonesia Tbk.,12 Jul 2019,1.524.680.000,Utama
273,HDTX,Panasia Indo Resources Tbk.,06 Jun 1990,3.601.462.800,Utama
274,HEAL,Medikaloka Hermina Tbk.,16 Mei 2018,2.973.000.000,Utama
275,HELI,Jaya Trishindo Tbk.,27 Mar 2018,819.000.005,Pengembangan
276,HERO,Hero Supermarket Tbk.,21 Ags 1989,4.183.634.000,Utama
277,HEXA,Hexindo Adiperkasa Tbk.,13 Feb 1995,840.000.000,Utama
278,HITS,Humpuss Intermoda Transportasi,15 Des 1997,7.101.084.801,Utama
279,HKMU,HK Metals Utama Tbk.,09 Okt 2018,3.221.750.000,Utama
280,HMSP,H.M. Sampoerna Tbk.,15 Ags 1990,116.318.076.900,Utama
281,HOKI,Buyung Poetra Sembada Tbk.,22 Jun 2017,2.419.438.170,Utama
282,HOME,Hotel Mandarine Regency Tbk.,17 Jul 2008,22.212.194.782,Pengembangan
283,HOMI,Grand House Mulia Tbk.,10 Sep 2020,787.500.000,Pengembangan
284,HOTL,Saraswati Griya Lestari Tbk.,10 Jan 2013,3.550.001.452,Utama
285,HRME,Menteng Heritage Realty Tbk.,12 Apr 2019,5.958.750.000,Pengembangan
286,HRTA,Hartadinata Abadi Tbk.,21 Jun 2017,4.605.262.400,Utama
287,HRUM,Harum Energy Tbk.,06 Okt 2010,2.703.620.000,Utama
288,IATA,Indonesia Transport & Infrastr,13 Sep 2006,10.697.665.114,Pengembangan
289,IBFN,Intan Baruprana Finance Tbk.,22 Des 2014,1.517.321.249,Pengembangan
290,IBST,Inti Bangun Sejahtera Tbk.,31 Ags 2012,1.350.904.927,Utama
291,ICBP,Indofood CBP Sukses Makmur Tbk,07 Okt 2010,11.661.908.000,Utama
292,ICON,Island Concepts Indonesia Tbk.,08 Jul 2005,1.089.750.000,Pengembangan
293,IDPR,Indonesia Pondasi Raya Tbk.,10 Des 2015,2.003.000.000,Utama
294,IFII,Indonesia Fibreboard Industry,10 Des 2019,9.412.000.000,Utama
295,IFSH,Ifishdeco Tbk.,05 Des 2019,2.125.000.000,Pengembangan
296,IGAR,Champion Pacific Indonesia Tbk,05 Nov 1990,972.204.500,Utama
297,IIKP,Inti Agri Resources Tbk,14 Okt 2002,33.600.000.000,Pengembangan
298,IKAI,Intikeramik Alamasri Industri,04 Jun 1997,13.305.799.387,Utama
299,IKAN,Era Mandiri Cemerlang Tbk.,12 Feb 2020,833.333.000,Pengembangan
300,IKBI,Sumi Indo Kabel Tbk.,21 Jan 1991,1.224.000.000,Pengembangan
301,IMAS,Indomobil Sukses Internasional,15 Nov 1993,3.994.291.039,Utama
302,IMJS,Indomobil Multi Jasa Tbk.,10 Des 2013,8.654.325.000,Utama
303,IMPC,Impack Pratama Industri Tbk.,17 Des 2014,4.833.500.000,Pengembangan
304,INAF,Indofarma Tbk.,17 Apr 2001,3.099.267.500,Utama
305,INAI,Indal Aluminium Industry Tbk.,05 Des 1994,633.600.000,Pengembangan
306,INCF,Indo Komoditi Korpora Tbk.,18 Des 1989,1.438.370.465,Pengembangan
307,INCI,Intanwijaya Internasional Tbk,24 Jul 1990,196.121.237,Utama
308,INCO,Vale Indonesia Tbk.,16 Mei 1990,9.936.338.720,Utama
309,INDF,Indofood Sukses Makmur Tbk.,14 Jul 1994,8.780.426.500,Utama
310,INDO,Royalindo Investa Wijaya Tbk.,13 Jan 2020,4.309.161.705,Pengembangan
311,INDR,Indo-Rama Synthetics Tbk.,03 Ags 1990,654.351.707,Utama
312,INDS,Indospring Tbk.,10 Ags 1990,656.249.710,Utama
313,INDX,Tanah Laut Tbk,17 Mei 2001,437.913.588,Pengembangan
314,INDY,Indika Energy Tbk.,11 Jun 2008,5.210.192.000,Utama
315,INKP,Indah Kiat Pulp & Paper Tbk.,16 Jul 1990,5.470.982.941,Utama
316,INOV,Inocycle Technology Group Tbk.,10 Jul 2019,1.808.221.900,Pengembangan
317,INPC,Bank Artha Graha Internasional,23 Ags 1990,15.638.233.267,Utama
318,INPP,Indonesian Paradise Property T,01 Des 2004,11.181.971.732,Pengembangan
319,INPS,Indah Prakasa Sentosa Tbk.,06 Apr 2018,650.000.000,Pengembangan
320,INRU,Toba Pulp Lestari Tbk.,18 Jun 1990,1.388.883.283,Pengembangan
321,INTA,Intraco Penta Tbk.,23 Ags 1993,3.343.935.022,Pengembangan
322,INTD,Inter Delta Tbk,18 Des 1989,591.828.000,Pengembangan
323,INTP,Indocement Tunggal Prakarsa Tb,05 Des 1989,3.681.231.699,Utama
324,IPCC,Indonesia Kendaraan Terminal T,09 Jul 2018,1.818.384.820,Utama
325,IPCM,Jasa Armada Indonesia Tbk.,22 Des 2017,5.284.811.100,Pengembangan
326,IPOL,Indopoly Swakarsa Industry Tbk,09 Jul 2010,6.443.379.509,Utama
327,IPTV,MNC Vision Networks Tbk.,08 Jul 2019,41.514.046.639,Utama
328,IRRA,Itama Ranoraya Tbk.,15 Okt 2019,1.600.000.000,Pengembangan
329,ISAT,Indosat Tbk.,19 Okt 1994,5.433.933.500,Utama
330,ISSP,Steel Pipe Industry of Indones,22 Feb 2013,7.185.992.035,Utama
331,ITIC,Indonesian Tobacco Tbk.,04 Jul 2019,940.720.000,Pengembangan
332,ITMA,Sumber Energi Andalan Tbk.,10 Des 1990,870.701.000,Pengembangan
333,ITMG,Indo Tambangraya Megah Tbk.,18 Des 2007,1.129.925.000,Utama
334,JAST,Jasnita Telekomindo Tbk.,16 Mei 2019,813.626.700,Pengembangan
335,JAWA,Jaya Agra Wattie Tbk.,30 Mei 2011,3.774.685.500,Utama
336,JAYA,Armada Berjaya Trans Tbk.,21 Feb 2019,375.000.105,Pengembangan
337,JECC,Jembo Cable Company Tbk.,18 Nov 1992,151.200.000,Pengembangan
338,JGLE,Graha Andrasentra Propertindo,29 Jun 2016,22.581.909.405,Pengembangan
339,JIHD,Jakarta International Hotels &,29 Feb 1984,2.329.040.482,Pengembangan
340,JKON,Jaya Konstruksi Manggala Prata,04 Des 2007,16.308.519.860,Utama
341,JKSW,Jakarta Kyoei Steel Works Tbk.,06 Ags 1997,150.000.000,Pengembangan
342,JMAS,Asuransi Jiwa Syariah Jasa Mit,18 Des 2017,1.000.000.000,Pengembangan
343,JPFA,Japfa Comfeed Indonesia Tbk.,23 Okt 1989,11.726.575.201,Utama
344,JRPT,Jaya Real Property Tbk.,29 Jun 1994,13.750.000.000,Utama
345,JSKY,Sky Energy Indonesia Tbk.,28 Mar 2018,2.032.540.000,Utama
346,JSMR,Jasa Marga (Persero) Tbk.,12 Nov 2007,7.257.871.200,Utama
347,JSPT,Jakarta Setiabudi Internasiona,12 Jan 1998,2.318.736.000,Pengembangan
348,JTPE,Jasuindo Tiga Perkasa Tbk.,16 Apr 2002,1.713.012.500,Pengembangan
349,KAEF,Kimia Farma Tbk.,04 Jul 2001,5.554.000.000,Utama
350,KARW,ICTSI Jasa Prima Tbk.,20 Des 1994,587.152.700,Pengembangan
351,KAYU,Darmi Bersaudara Tbk.,04 Jul 2019,665.000.000,Pengembangan
352,KBAG,Karya Bersama Anugerah Tbk.,08 Apr 2020,7.150.000.007,Pengembangan
353,KBLI,KMI Wire & Cable Tbk.,06 Jul 1992,4.007.235.107,Utama
354,KBLM,Kabelindo Murni Tbk.,01 Jun 1992,1.120.000.000,Pengembangan
355,KBLV,First Media Tbk.,25 Feb 2000,1.742.167.907,Pengembangan
356,KBRI,Kertas Basuki Rachmat Indonesi,11 Jul 2008,8.687.995.734,PENGEMBANGAN
357,KDSI,Kedawung Setia Industrial Tbk.,29 Jul 1996,405.000.000,Pengembangan
358,KEEN,Kencana Energi Lestari Tbk.,02 Sep 2019,3.666.312.500,Utama
359,KEJU,Mulia Boga Raya Tbk.,25 Nov 2019,1.500.000.000,Pengembangan
360,KIAS,Keramika Indonesia Assosiasi T,08 Des 1994,14.929.100.000,Pengembangan
361,KICI,Kedaung Indah Can Tbk,28 Okt 1993,276.000.000,Utama
362,KIJA,Kawasan Industri Jababeka Tbk.,10 Jan 1995,20.824.888.369,Utama
363,KINO,Kino Indonesia Tbk.,11 Des 2015,1.428.571.500,Utama
364,KIOS,Kioson Komersial Indonesia Tbk,05 Okt 2017,717.239.900,Pengembangan
365,KJEN,Krida Jaringan Nusantara Tbk.,01 Jul 2019,500.000.000,Pengembangan
366,KKGI,Resource Alam Indonesia Tbk.,01 Jul 1991,5.000.000.000,Utama
367,KLBF,Kalbe Farma Tbk.,30 Jul 1991,46.875.122.110,Utama
368,KMDS,Kurniamitra Duta Sentosa Tbk.,07 Sep 2020,800.000.000,Pengembangan
369,KMTR,Kirana Megatara Tbk.,19 Jun 2017,8.215.366.379,Pengembangan
370,KOBX,Kobexindo Tractors Tbk.,05 Jul 2012,2.272.500.000,Utama
371,KOIN,Kokoh Inti Arebama Tbk,09 Apr 2008,980.843.732,Pengembangan
372,KONI,Perdana Bangun Pusaka Tbk,22 Ags 1995,249.005.000,Pengembangan
373,KOPI,Mitra Energi Persada Tbk.,23 Apr 2001,697.266.668,Pengembangan
374,KOTA,DMS Propertindo Tbk.,09 Jul 2019,10.546.043.868,Utama
375,KPAL,Steadfast Marine Tbk.,08 Jun 2018,1.069.009.400,Utama
376,KPAS,Cottonindo Ariesta Tbk.,05 Okt 2018,768.042.882,Pengembangan
377,KPIG,MNC Land Tbk.,30 Mar 2000,80.625.726.664,Pengembangan
378,KRAH,Grand Kartech Tbk.,08 Nov 2013,971.190.000,Pengembangan
379,KRAS,Krakatau Steel (Persero) Tbk.,10 Nov 2010,19.346.396.900,Utama
380,KREN,Kresna Graha Investama Tbk.,28 Jun 2002,18.208.470.100,Utama
381,LAND,Trimitra Propertindo Tbk.,23 Ags 2018,2.792.620.000,Pengembangan
382,LAPD,Leyand International Tbk.,17 Jul 2001,3.966.350.139,Pengembangan
383,LCGP,Eureka Prima Jakarta Tbk.,13 Jul 2007,5.630.000.914,Pengembangan
384,LCKM,LCK Global Kedaton Tbk.,16 Jan 2018,1.000.000.000,Pengembangan
385,LEAD,Logindo Samudramakmur Tbk.,11 Des 2013,4.049.616.328,Utama
386,LIFE,Asuransi Jiwa Sinarmas MSIG Tb,09 Jul 2019,2.100.000.000,Utama
387,LINK,Link Net Tbk.,02 Jun 2014,2.863.195.484,Utama
388,LION,Lion Metal Works Tbk.,20 Ags 1993,520.160.000,Utama
389,LMAS,Limas Indonesia Makmur Tbk,28 Des 2001,787.851.525,Pengembangan
390,LMPI,Langgeng Makmur Industri Tbk.,17 Okt 1994,1.008.517.669,Pengembangan
391,LMSH,Lionmesh Prima Tbk.,04 Jun 1990,96.000.000,Pengembangan
392,LPCK,Lippo Cikarang Tbk,24 Jul 1997,2.679.600.000,Utama
393,LPGI,Lippo General Insurance Tbk.,22 Jul 1997,150.000.000,Utama
394,LPIN,Multi Prima Sejahtera Tbk,05 Feb 1990,425.000.000,Pengembangan
395,LPKR,Lippo Karawaci Tbk.,28 Jun 1996,70.898.018.369,Utama
396,LPLI,Star Pacific Tbk,23 Okt 1989,1.170.432.803,Pengembangan
397,LPPF,Matahari Department Store Tbk.,10 Okt 1989,2.626.148.780,Utama
398,LPPS,Lenox Pasifik Investama Tbk.,28 Mar 1994,2.588.250.000,Pengembangan
399,LRNA,Eka Sari Lorena Transport Tbk.,15 Apr 2014,350.000.022,Pengembangan
400,LSIP,PP London Sumatra Indonesia Tb,05 Jul 1996,6.822.863.965,Utama
401,LTLS,Lautan Luas Tbk.,21 Jul 1997,1.560.000.000,Utama
402,LUCK,Sentral Mitra Informatika Tbk.,28 Nov 2018,715.749.640,Pengembangan
403,MABA,Marga Abhinaya Abadi Tbk.,22 Jun 2017,15.365.229.912,PENGEMBANGAN
404,MAGP,Multi Agro Gemilang Plantation,16 Jan 2013,9.000.000.004,Pengembangan
405,MAIN,Malindo Feedmill Tbk.,10 Feb 2006,2.238.750.000,Utama
406,MAMI,Mas Murni Indonesia Tbk,09 Feb 1994,12.299.116.371,Utama
407,MAPA,Map Aktif Adiperkasa Tbk.,05 Jul 2018,2.850.400.000,Pengembangan
408,MAPB,MAP Boga Adiperkasa Tbk.,21 Jun 2017,2.170.922.900,Pengembangan
409,MAPI,Mitra Adiperkasa Tbk.,10 Nov 2004,16.600.000.000,Utama
410,MARI,Mahaka Radio Integra Tbk.,11 Feb 2016,5.252.644.000,Pengembangan
411,MARK,Mark Dynamics Indonesia Tbk.,12 Jul 2017,3.800.000.310,Utama
412,MASA,Multistrada Arah Sarana Tbk.,09 Jun 2005,9.182.946.945,Utama
413,MAYA,Bank Mayapada Internasional Tb,29 Ags 1997,6.764.086.593,Utama
414,MBAP,Mitrabara Adiperdana Tbk.,10 Jul 2014,1.227.271.952,Pengembangan
415,MBSS,Mitrabahtera Segara Sejati Tbk,06 Apr 2011,1.750.026.639,Utama
416,MBTO,Martina Berto Tbk.,13 Jan 2011,1.070.000.000,Utama
417,MCAS,M Cash Integrasi Tbk.,01 Nov 2017,867.933.300,Pengembangan
418,MCOR,Bank China Construction Bank I,03 Jul 2007,37.540.533.209,Utama
419,MDIA,Intermedia Capital Tbk.,11 Apr 2014,39.215.538.400,Utama
420,MDKA,Merdeka Copper Gold Tbk.,19 Jun 2015,21.897.591.650,Pengembangan
421,MDKI,Emdeki Utama Tbk.,25 Sep 2017,2.530.150.002,Pengembangan
422,MDLN,Modernland Realty Tbk.,18 Jan 1993,12.533.067.322,Utama
423,MDRN,Modern Internasional Tbk.,16 Jul 1991,7.632.167.798,Utama
424,MEDC,Medco Energi Internasional Tbk,12 Okt 1994,25.136.231.252,Utama
425,MEGA,Bank Mega Tbk.,17 Apr 2000,6.894.138.227,Utama
426,MERK,Merck Tbk.,23 Jul 1981,448.000.000,Pengembangan
427,META,Nusantara Infrastructure Tbk.,18 Jul 2001,17.710.708.194,Utama
428,MFIN,Mandala Multifinance Tbk.,06 Sep 2005,2.650.000.000,Pengembangan
429,MFMI,Multifiling Mitra Indonesia Tb,29 Des 2010,757.581.000,Pengembangan
430,MGNA,Magna Investama Mandiri Tbk.,07 Jul 2014,1.003.080.977,Pengembangan
431,MGRO,Mahkota Group Tbk.,12 Jul 2018,3.554.445.700,Utama
432,MICE,Multi Indocitra Tbk.,21 Des 2005,600.000.000,Pengembangan
433,MIDI,Midi Utama Indonesia Tbk.,30 Nov 2010,2.882.353.000,Pengembangan
434,MIKA,Mitra Keluarga Karyasehat Tbk.,24 Mar 2015,14.246.349.500,Utama
435,MINA,Sanurhasta Mitra Tbk.,28 Apr 2017,6.562.500.000,Pengembangan
436,MIRA,Mitra International Resources,30 Jan 1997,3.961.452.039,Pengembangan
437,MITI,Mitra Investindo Tbk.,16 Jul 1997,564.620.320,Pengembangan
438,MKNT,Mitra Komunikasi Nusantara Tbk,26 Okt 2015,5.000.000.000,Pengembangan
439,MKPI,Metropolitan Kentjana Tbk.,10 Jul 2009,948.194.000,Pengembangan
440,MLBI,Multi Bintang Indonesia Tbk.,15 Des 1981,2.107.000.000,Utama
441,MLIA,Mulia Industrindo Tbk,17 Jan 1994,1.323.000.000,Pengembangan
442,MLPL,Multipolar Tbk.,06 Nov 1989,14.639.632.470,Utama
443,MLPT,Multipolar Technology Tbk.,08 Jul 2013,1.875.000.000,Utama
444,MMLP,Mega Manunggal Property Tbk.,12 Jun 2015,6.889.134.608,Pengembangan
445,MNCN,Media Nusantara Citra Tbk.,22 Jun 2007,15.049.787.710,Utama
446,MOLI,Madusari Murni Indah Tbk.,30 Ags 2018,2.334.888.498,Pengembangan
447,MPMX,Mitra Pinasthika Mustika Tbk.,29 Mei 2013,4.462.963.276,Utama
448,MPOW,Megapower Makmur Tbk.,06 Jul 2017,816.997.053,Pengembangan
449,MPPA,Matahari Putra Prima Tbk.,21 Des 1992,7.529.147.920,Utama
450,MPRO,Maha Properti Indonesia Tbk.,09 Okt 2018,9.942.500.000,Pengembangan
451,MRAT,Mustika Ratu Tbk.,27 Jul 1995,428.000.000,Utama
452,MREI,Maskapai Reasuransi Indonesia,04 Sep 1989,517.791.681,Pengembangan
453,MSIN,MNC Studios International Tbk.,08 Jun 2018,10.404.000.000,Utama
454,MSKY,MNC Sky Vision Tbk.,09 Jul 2012,1.994.370.480,Utama
455,MTDL,Metrodata Electronics Tbk.,09 Apr 1990,2.455.376.917,Utama
456,MTFN,Capitalinc Investment Tbk.,16 Apr 1990,31.842.082.852,Pengembangan
457,MTLA,Metropolitan Land Tbk.,20 Jun 2011,7.655.126.330,Utama
458,MTPS,Meta Epsi Tbk.,10 Apr 2019,2.084.850.829,Pengembangan
459,MTRA,Mitra Pemuda Tbk.,10 Feb 2016,770.000.000,Pengembangan
460,MTSM,Metro Realty Tbk.,08 Jan 1992,232.848.000,Pengembangan
461,MTWI,Malacca Trust Wuwungan Insuran,11 Okt 2017,1.525.819.116,Pengembangan
462,MYOH,Samindo Resources Tbk.,27 Jul 2000,2.206.312.500,Utama
463,MYOR,Mayora Indah Tbk.,04 Jul 1990,22.358.699.725,Utama
464,MYRX,Hanson International Tbk.,31 Okt 1990,86.703.220.792,Pengembangan
465,MYTX,Asia Pacific Investama Tbk.,10 Okt 1989,7.747.281.949,Utama
466,NASA,Andalan Perkasa Abadi Tbk.,07 Ags 2017,11.004.929.322,Pengembangan
467,NATO,Surya Permata Andalan Tbk.,18 Jan 2019,8.001.092.004,Pengembangan
468,NELY,Pelayaran Nelly Dwi Putri Tbk.,11 Okt 2012,2.350.000.000,Pengembangan
469,NFCX,NFC Indonesia Tbk.,12 Jul 2018,666.667.500,Pengembangan
470,NICK,Charnic Capital Tbk.,02 Mei 2018,651.150.000,Pengembangan
471,NIKL,Pelat Timah Nusantara Tbk.,14 Des 2009,2.523.350.000,Utama
472,NIPS,Nipress Tbk.,24 Jul 1991,1.635.333.332,Pengembangan
473,NIRO,City Retail Developments Tbk.,13 Sep 2012,22.198.871.804,Pengembangan
474,NISP,Bank OCBC NISP Tbk.,20 Okt 1994,22.715.776.032,Utama
475,NOBU,Bank Nationalnobu Tbk.,20 Mei 2013,4.393.533.177,Utama
476,NRCA,Nusa Raya Cipta Tbk.,27 Jun 2013,2.496.258.344,Utama
477,NUSA,Sinergi Megah Internusa Tbk.,12 Jul 2018,7.700.000.148,Pengembangan
478,NZIA,Nusantara Almazia Tbk.,25 Sep 2019,2.197.540.705,Utama
479,OASA,Protech Mitra Perkasa Tbk.,18 Jul 2016,358.600.000,Pengembangan
480,OCAP,Onix Capital Tbk.,10 Nov 2003,273.200.000,Pengembangan
481,OKAS,Ancora Indonesia Resources Tbk,17 Apr 2006,1.765.927.777,Pengembangan
482,OMRE,Indonesia Prima Property Tbk,22 Ags 1994,1.745.000.000,Pengembangan
483,OPMS,Optima Prima Metal Sinergi Tbk,23 Sep 2019,1.000.000.000,Pengembangan
484,PADI,Minna Padi Investama Sekuritas,09 Jan 2012,11.307.246.524,Utama
485,PALM,Provident Agro Tbk.,08 Okt 2012,7.119.540.356,Pengembangan
486,PAMG,Bima Sakti Pertiwi Tbk.,05 Jul 2019,3.125.000.000,Utama
487,PANI,Pratama Abadi Nusa Industri Tb,18 Sep 2018,410.000.000,Pengembangan
488,PANR,Panorama Sentrawisata Tbk.,18 Sep 2001,1.200.000.000,Utama
489,PANS,Panin Sekuritas Tbk.,31 Mei 2000,720.000.000,Utama
490,PBID,Panca Budi Idaman Tbk.,13 Des 2017,1.875.000.000,Utama
491,PBRX,Pan Brothers Tbk.,16 Ags 1990,6.478.295.611,Utama
492,PBSA,Paramita Bangun Sarana Tbk.,28 Sep 2016,1.500.000.000,Utama
493,PCAR,Prima Cakrawala Abadi Tbk.,29 Des 2017,1.166.666.700,Pengembangan
494,PDES,Destinasi Tirta Nusantara Tbk,08 Jul 2008,715.000.000,Pengembangan
495,PEGE,Panca Global Kapital Tbk.,24 Jun 2005,2.833.417.056,Pengembangan
496,PEHA,Phapros Tbk.,01 Jan 1911,840.000.000,Utama
497,PGAS,Perusahaan Gas Negara Tbk.,15 Des 2003,24.241.508.196,Utama
498,PGJO,Tourindo Guide Indonesia Tbk.,08 Jan 2020,306.250.000,Akselerasi
499,PGLI,Pembangunan Graha Lestari Inda,11 Mei 2000,488.000.000,Pengembangan
500,PGUN,Pradiksi Gunatama Tbk.,07 Jul 2020,4.998.360.000,Utama
501,PICO,Pelangi Indah Canindo Tbk,23 Sep 1996,568.375.000,Pengembangan
502,PJAA,Pembangunan Jaya Ancol Tbk.,02 Jul 2004,1.599.999.996,Utama
503,PKPK,Perdana Karya Perkasa Tbk,11 Jul 2007,600.000.000,Pengembangan
504,PLAN,Planet Properindo Jaya Tbk.,15 Sep 2020,892.856.800,Akselerasi
505,PLAS,Polaris Investama Tbk,16 Mar 2001,1.184.200.000,Pengembangan
506,PLIN,Plaza Indonesia Realty Tbk.,15 Jun 1992,3.550.000.000,Utama
507,PMJS,Putra Mandiri Jembar Tbk.,18 Des 2019,13.755.600.000,Pengembangan
508,PMMP,Panca Mitra Multiperdana Tbk.,18 Des 2020,2.353.000.000,Utama
509,PNBN,Bank Pan Indonesia Tbk,29 Des 1982,23.837.645.998,Utama
510,PNBS,Bank Panin Dubai Syariah Tbk.,15 Jan 2014,38.425.504.906,Utama
511,PNGO,Pinago Utama Tbk.,31 Ags 2020,781.250.000,Pengembangan
512,PNIN,Paninvest Tbk.,20 Sep 1983,4.068.323.920,Utama
513,PNLF,Panin Financial Tbk.,14 Jun 1983,32.022.073.293,Utama
514,PNSE,Pudjiadi & Sons Tbk.,01 Mei 1990,797.813.496,Pengembangan
515,POLA,Pool Advista Finance Tbk.,16 Nov 2018,2.727.886.300,Pengembangan
516,POLI,Pollux Investasi Internasional,10 Jan 2019,2.010.526.400,Pengembangan
517,POLL,Pollux Properti Indonesia Tbk.,11 Jul 2018,8.318.823.600,Utama
518,POLU,Golden Flower Tbk.,26 Jun 2019,750.000.000,Pengembangan
519,POLY,Asia Pacific Fibers Tbk,12 Mar 1991,2.495.753.334,Pengembangan
520,POOL,Pool Advista Indonesia Tbk.,20 Mei 1991,2.341.366.264,Pengembangan
521,PORT,Nusantara Pelabuhan Handal Tbk,16 Mar 2017,2.813.941.985,Pengembangan
522,POSA,Bliss Properti Indonesia Tbk.,10 Mei 2019,8.388.870.106,Pengembangan
523,POWR,Cikarang Listrindo Tbk.,14 Jun 2016,16.087.156.000,Pengembangan
524,PPGL,Prima Globalindo Logistik Tbk.,20 Jul 2020,750.000.000,Akselerasi
525,PPRE,PP Presisi Tbk.,24 Nov 2017,10.224.271.000,Utama
526,PPRO,PP Properti Tbk.,19 Mei 2015,61.675.671.883,Utama
527,PRAS,Prima Alloy Steel Universal Tb,12 Jul 1990,701.043.478,Utama
528,PRDA,Prodia Widyahusada Tbk.,07 Des 2016,937.500.000,Utama
529,PRIM,Royal Prima Tbk.,15 Mei 2018,3.393.432.705,Pengembangan
530,PSAB,J Resources Asia Pasifik Tbk.,22 Apr 2003,26.460.000.000,Pengembangan
531,PSDN,Prasidha Aneka Niaga Tbk,18 Okt 1994,1.440.000.000,Pengembangan
532,PSGO,Palma Serasih Tbk.,25 Nov 2019,18.850.000.000,Pengembangan
533,PSKT,Red Planet Indonesia Tbk.,29 Sep 1995,10.351.231.636,Pengembangan
534,PSSI,Pelita Samudera Shipping Tbk.,05 Des 2017,5.417.063.153,Utama
535,PTBA,Bukit Asam Tbk.,23 Des 2002,11.520.659.250,Utama
536,PTDU,Djasa Ubersakti Tbk.,08 Des 2020,1.500.000.000,Pengembangan
537,PTIS,Indo Straits Tbk.,12 Jul 2011,550.165.300,Utama
538,PTPP,PP (Persero) Tbk.,09 Feb 2010,6.199.897.354,Utama
539,PTPW,Pratama Widya Tbk.,07 Feb 2020,878.187.500,Pengembangan
540,PTRO,Petrosea Tbk.,21 Mei 1990,1.008.605.000,Utama
541,PTSN,Sat Nusapersada Tbk,08 Nov 2007,5.314.344.000,Utama
542,PTSP,Pioneerindo Gourmet Internatio,30 Mei 1994,220.808.000,Pengembangan
543,PUDP,Pudjiadi Prestige Tbk.,18 Nov 1994,329.560.000,Utama
544,PURA,Putra Rajawali Kencana Tbk.,29 Jan 2020,5.655.818.465,Pengembangan
545,PURE,Trinitan Metals and Minerals T,09 Okt 2019,1.333.333.505,Utama
546,PURI,Puri Global Sukses Tbk.,08 Sep 2020,1.000.000.000,Pengembangan
547,PWON,Pakuwon Jati Tbk.,09 Okt 1989,48.159.602.400,Utama
548,PYFA,Pyridam Farma Tbk,16 Okt 2001,535.080.000,Pengembangan
549,PZZA,Sarimelati Kencana Tbk.,23 Mei 2018,3.021.875.000,Utama
550,RAJA,Rukun Raharja Tbk.,19 Apr 2006,4.227.082.500,Utama
551,RALS,Ramayana Lestari Sentosa Tbk.,24 Jul 1996,7.096.000.000,Utama
552,RANC,Supra Boga Lestari Tbk.,07 Jun 2012,1.564.487.500,Utama
553,RBMS,Ristia Bintang Mahkotasejati T,19 Des 1997,2.656.212.826,Utama
554,RDTX,Roda Vivatex Tbk,14 Mei 1990,268.800.000,Utama
555,REAL,Repower Asia Indonesia Tbk.,06 Des 2019,6.633.610.151,Pengembangan
556,RELI,Reliance Sekuritas Indonesia T,13 Jul 2005,1.800.000.000,Utama
557,RICY,Ricky Putra Globalindo Tbk,22 Jan 1998,641.717.510,Utama
558,RIGS,Rig Tenders Indonesia Tbk.,05 Mar 1990,609.130.000,Pengembangan
559,RIMO,Rimo International Lestari Tbk,10 Nov 2000,45.080.600.000,Pengembangan
560,RISE,Jaya Sukses Makmur Sentosa Tbk,09 Jul 2018,9.950.000.000,Utama
561,RMBA,Bentoel Internasional Investam,05 Mar 1990,36.401.136.250,Utama
562,ROCK,Rockfields Properti Indonesia,10 Sep 2020,1.435.185.100,Pengembangan
563,RODA,Pikko Land Development Tbk.,22 Okt 2001,13.592.128.209,Pengembangan
564,RONY,Aesler Grup Internasional Tbk.,09 Apr 2020,1.250.000.000,Pengembangan
565,ROTI,Nippon Indosari Corpindo Tbk.,28 Jun 2010,6.186.488.888,Utama
566,RUIS,Radiant Utama Interinsco Tbk.,12 Jul 2006,770.000.000,Pengembangan
567,SAFE,Steady Safe Tbk,15 Ags 1994,615.145.012,Pengembangan
568,SAME,Sarana Meditama Metropolitan T,11 Jan 2013,5.900.000.000,Pengembangan
569,SAMF,Saraswanti Anugerah Makmur Tbk,31 Mar 2020,5.125.000.000,Utama
570,SAPX,Satria Antaran Prima Tbk.,03 Okt 2018,833.333.300,Pengembangan
571,SATU,Kota Satu Properti Tbk.,05 Nov 2018,1.375.000.000,Pengembangan
572,SBAT,Sejahtera Bintang Abadi Textil,08 Apr 2020,2.125.166.005,Pengembangan
573,SCCO,Supreme Cable Manufacturing &,20 Jul 1982,205.583.400,Utama
574,SCMA,Surya Citra Media Tbk.,16 Jul 2002,14.779.091.301,Utama
575,SCNP,Selaras Citra Nusantara Perkas,07 Sep 2020,2.500.000.000,Pengembangan
576,SCPI,Merck Sharp Dohme Pharma Tbk.,08 Jun 1990,3.600.000,Pengembangan
577,SDMU,Sidomulyo Selaras Tbk.,12 Jul 2011,1.135.225.000,Pengembangan
578,SDPC,Millennium Pharmacon Internati,07 Mei 1990,1.274.000.000,Utama
579,SDRA,Bank Woori Saudara Indonesia 1,15 Des 2006,6.515.116.991,Utama
580,SFAN,Surya Fajar Capital Tbk.,19 Jun 2019,1.359.934.021,Pengembangan
581,SGER,Sumber Global Energy Tbk.,10 Ags 2020,1.664.000.000,Pengembangan
582,SGRO,Sampoerna Agro Tbk.,18 Jun 2007,1.890.000.000,Utama
583,SHID,Hotel Sahid Jaya International,08 Mei 1990,1.119.326.168,Pengembangan
584,SHIP,Sillo Maritime Perdana Tbk.,16 Jun 2016,2.719.790.000,Pengembangan
585,SIDO,Industri Jamu dan Farmasi Sido,18 Des 2013,30.000.000.000,Utama
586,SILO,Siloam International Hospitals,12 Sep 2013,1.625.765.625,Utama
587,SIMA,Siwani Makmur Tbk,03 Jun 1994,442.589.871,PENGEMBANGAN
588,SIMP,Salim Ivomas Pratama Tbk.,09 Jun 2011,15.816.310.000,Utama
589,SINI,Singaraja Putra Tbk.,08 Nov 2019,464.786.250,Pengembangan
590,SIPD,Sreeya Sewu Indonesia Tbk.,27 Des 1996,1.339.102.579,Pengembangan
591,SKBM,Sekar Bumi Tbk.,05 Jan 1993,1.726.003.217,Pengembangan
592,SKLT,Sekar Laut Tbk.,08 Sep 1993,690.740.500,Pengembangan
593,SKRN,Superkrane Mitra Utama Tbk.,11 Okt 2018,1.500.000.000,Pengembangan
594,SKYB,Northcliff Citranusa Indonesia,07 Jul 2010,585.000.000,Pengembangan
595,SLIS,Gaya Abadi Sempurna Tbk.,07 Okt 2019,2.000.000.000,Pengembangan
596,SMAR,Smart Tbk.,20 Nov 1992,2.872.193.366,Pengembangan
597,SMBR,Semen Baturaja (Persero) Tbk.,28 Jun 2013,9.932.534.336,Utama
598,SMCB,Solusi Bangun Indonesia Tbk.,10 Ags 1977,7.662.900.000,Utama
599,SMDM,Suryamas Dutamakmur Tbk.,12 Okt 1995,4.772.138.237,Pengembangan
600,SMDR,Samudera Indonesia Tbk.,05 Des 1999,3.275.120.000,Utama
601,SMGR,Semen Indonesia (Persero) Tbk.,08 Jul 1991,5.931.520.000,Utama
602,SMKL,Satyamitra Kemas Lestari Tbk.,11 Jul 2019,3.400.000.005,Utama
603,SMMA,Sinarmas Multiartha Tbk.,05 Jul 1995,6.367.664.717,Utama
604,SMMT,Golden Eagle Energy Tbk.,29 Feb 2000,3.150.000.000,Pengembangan
605,SMRA,Summarecon Agung Tbk.,07 Mei 1990,14.426.781.680,Utama
606,SMRU,SMR Utama Tbk.,10 Okt 2011,12.499.385.782,Pengembangan
607,SMSM,Selamat Sempurna Tbk.,09 Sep 1996,5.758.675.440,Utama
608,SOCI,Soechi Lines Tbk.,03 Des 2014,7.059.000.000,Utama
609,SOFA,Boston Furniture Industries Tb,07 Jul 2020,1.650.000.000,Akselerasi
610,SOHO,Soho Global Health Tbk.,08 Sep 2020,1.269.168.239,Utama
611,SONA,Sona Topas Tourism Industry Tb,21 Jul 1992,331.200.000,Utama
612,SOSS,Shield On Service Tbk.,06 Nov 2018,657.017.005,Pengembangan
613,SOTS,Satria Mega Kencana Tbk.,10 Des 2018,1.000.000.005,Pengembangan
614,SPMA,Suparma Tbk.,16 Nov 1994,2.114.570.958,Utama
615,SPTO,Surya Pertiwi Tbk.,14 Mei 2018,2.700.000.000,Pengembangan
616,SQMI,Wilton Makmur Indonesia Tbk.,15 Jul 2004,15.537.591.429,Pengembangan
617,SRAJ,Sejahteraraya Anugrahjaya Tbk.,11 Apr 2011,12.000.705.445,Utama
618,SRIL,Sri Rejeki Isman Tbk.,17 Jun 2013,20.452.176.844,Utama
619,SRSN,Indo Acidatama Tbk,11 Jan 1993,6.020.000.000,Utama
620,SRTG,Saratoga Investama Sedaya Tbk.,26 Jun 2013,2.712.967.000,Pengembangan
621,SSIA,Surya Semesta Internusa Tbk.,27 Mar 1997,4.705.249.440,Utama
622,SSMS,Sawit Sumbermas Sarana Tbk.,12 Des 2013,9.525.000.000,Utama
623,SSTM,Sunson Textile Manufacture Tbk,20 Ags 1997,1.170.909.181,Pengembangan
624,STAR,Buana Artha Anugerah Tbk.,13 Jul 2011,4.800.000.602,Utama
625,STTP,Siantar Top Tbk.,16 Des 1996,1.310.000.000,Pengembangan
626,SUGI,Sugih Energy Tbk.,19 Jun 2002,24.811.541.414,Pengembangan
627,SULI,SLJ Global Tbk.,21 Mar 1994,3.986.916.802,Utama
628,SUPR,Solusi Tunas Pratama Tbk.,11 Okt 2011,1.137.579.698,Pengembangan
629,SURE,Super Energy Tbk.,05 Okt 2018,1.497.576.771,Pengembangan
630,SWAT,Sriwahana Adityakarta Tbk.,08 Jun 2018,3.019.200.000,Pengembangan
631,TALF,Tunas Alfin Tbk.,12 Feb 2001,1.353.435.000,Pengembangan
632,TAMA,Lancartama Sejati Tbk.,10 Feb 2020,1.000.000.005,Pengembangan
633,TAMU,Pelayaran Tamarin Samudra Tbk.,10 Mei 2017,37.500.000.000,Pengembangan
634,TARA,Agung Semesta Sejahtera Tbk.,11 Jul 2014,10.069.645.750,Utama
635,TAXI,Express Transindo Utama Tbk.,02 Nov 2012,6.145.600.000,Utama
636,TBIG,Tower Bersama Infrastructure T,26 Okt 2010,22.656.999.445,Utama
637,TBLA,Tunas Baru Lampung Tbk.,14 Feb 2000,5.342.098.939,Utama
638,TBMS,Tembaga Mulia Semanan Tbk.,23 Mei 1990,367.340.000,Pengembangan
639,TCID,Mandom Indonesia Tbk.,30 Sep 1993,201.066.667,Utama
640,TCPI,Transcoal Pacific Tbk.,06 Jul 2018,5.000.000.000,Pengembangan
641,TDPM,Tridomain Performance Material,09 Apr 2018,10.485.050.500,Utama
642,TEBE,Dana Brata Luhur Tbk.,18 Nov 2019,1.285.000.000,Pengembangan
643,TECH,Indosterling Technomedia Tbk.,04 Jun 2020,1.256.300.000,Pengembangan
644,TELE,Tiphone Mobile Indonesia Tbk.,12 Jan 2012,7.302.194.889,Utama
645,TFAS,Telefast Indonesia Tbk.,17 Sep 2019,1.666.666.500,Pengembangan
646,TFCO,Tifico Fiber Indonesia Tbk.,26 Feb 1980,4.823.076.400,Pengembangan
647,TGKA,Tigaraksa Satria Tbk.,11 Jun 1990,918.492.750,Pengembangan
648,TGRA,Terregra Asia Energy Tbk.,16 Mei 2017,2.750.000.000,Utama
649,TIFA,KDB Tifa Finance Tbk.,08 Jul 2011,1.079.700.000,Pengembangan
650,TINS,Timah Tbk.,19 Okt 1995,7.447.753.454,Utama
651,TIRA,Tira Austenite Tbk,27 Jul 1993,588.000.000,Pengembangan
652,TIRT,Tirta Mahakam Resources Tbk,13 Des 1999,1.011.774.750,Utama
653,TKIM,Pabrik Kertas Tjiwi Kimia Tbk.,03 Apr 1990,3.113.223.570,Utama
654,TLKM,Telkom Indonesia (Persero) Tbk,14 Nov 1995,99.062.216.600,Utama
655,TMAS,Temas Tbk.,09 Jul 2003,5.705.150.000,Utama
656,TMPO,Tempo Intimedia Tbk.,08 Jan 2001,1.058.333.250,Pengembangan
657,TNCA,Trimuda Nuansa Citra Tbk.,28 Jun 2018,421.640.000,Pengembangan
658,TOBA,TBS Energi Utama Tbk.,06 Jul 2012,8.049.964.000,Utama
659,TOPS,Totalindo Eka Persada Tbk.,16 Jun 2017,33.330.000.000,Utama
660,TOTL,Total Bangun Persada Tbk.,25 Jul 2006,3.410.000.000,Utama
661,TOTO,Surya Toto Indonesia Tbk.,30 Okt 1990,10.320.000.000,Pengembangan
662,TOWR,Sarana Menara Nusantara Tbk.,08 Mar 2010,51.014.625.000,Utama
663,TOYS,Sunindo Adipersada Tbk.,06 Ags 2020,1.435.000.000,Pengembangan
664,TPIA,Chandra Asri Petrochemical Tbk,24 Jun 1996,17.833.520.260,Pengembangan
665,TPMA,Trans Power Marine Tbk.,20 Feb 2013,2.633.300.000,Pengembangan
666,TRAM,Trada Alam Minera Tbk.,10 Sep 2008,49.643.627.934,Utama
667,TRIL,Triwira Insanlestari Tbk.,28 Jan 2008,1.200.000.000,Pengembangan
668,TRIM,Trimegah Sekuritas Indonesia T,31 Jan 2000,7.109.300.000,Utama
669,TRIN,Perintis Triniti Properti Tbk.,15 Jan 2020,4.373.363.527,Pengembangan
670,TRIO,Trikomsel Oke Tbk.,14 Apr 2009,26.007.494.645,Utama
671,TRIS,Trisula International Tbk.,28 Jun 2012,3.141.443.806,Pengembangan
672,TRJA,Transkon Jaya Tbk.,27 Ags 2020,1.510.200.000,Pengembangan
673,TRST,Trias Sentosa Tbk.,02 Jul 1990,2.808.000.000,Utama
674,TRUK,Guna Timur Raya Tbk.,23 Mei 2018,435.000.000,Pengembangan
675,TRUS,Trust Finance Indonesia Tbk,28 Nov 2002,800.000.000,Pengembangan
676,TSPC,Tempo Scan Pacific Tbk.,17 Jun 1994,4.500.000.000,Utama
677,TUGU,Asuransi Tugu Pratama Indonesi,28 Mei 2018,1.777.777.800,Pengembangan
678,TURI,Tunas Ridean Tbk.,16 Mei 1995,5.580.000.000,Utama
679,UANG,Pakuan Tbk.,06 Jul 2020,1.210.000.000,Pengembangan
680,UCID,Uni-Charm Indonesia Tbk.,20 Des 2019,4.156.572.300,Utama
681,ULTJ,Ultra Jaya Milk Industry & Tra,02 Jul 1990,11.553.528.000,Utama
682,UNIC,Unggul Indah Cahaya Tbk.,06 Nov 1989,383.331.363,Utama
683,UNIT,Nusantara Inti Corpora Tbk,18 Apr 2002,75.422.200,Pengembangan
684,UNSP,Bakrie Sumatera Plantations Tb,06 Mar 1990,2.500.162.344,Utama
685,UNTR,United Tractors Tbk.,19 Sep 1989,3.730.135.136,Utama
686,UNVR,Unilever Indonesia Tbk.,11 Jan 1982,38.150.000.000,Utama
687,URBN,Urban Jakarta Propertindo Tbk.,10 Des 2018,3.232.122.588,Pengembangan
688,VICI,Victoria Care Indonesia Tbk.,17 Des 2020,6.708.000.000,Utama
689,VICO,Victoria Investama Tbk.,08 Jul 2013,9.150.094.680,Utama
690,VINS,Victoria Insurance Tbk.,28 Sep 2015,1.460.573.616,Pengembangan
691,VIVA,Visi Media Asia Tbk.,21 Nov 2011,16.464.270.400,Utama
692,VOKS,Voksel Electric Tbk.,20 Des 1990,4.155.602.595,Utama
693,VRNA,Verena Multi Finance Tbk.,25 Jun 2008,5.687.353.997,Pengembangan
694,WAPO,Wahana Pronatural Tbk.,22 Jun 2001,1.240.923.111,Pengembangan
695,WEGE,Wijaya Karya Bangunan Gedung T,30 Nov 2017,9.572.000.000,Utama
696,WEHA,WEHA Transportasi Indonesia Tb,31 Mei 2007,886.411.265,Utama
697,WICO,Wicaksana Overseas Internation,08 Ags 1994,1.268.950.977,Pengembangan
698,WIFI,Solusi Sinergi Digital Tbk.,30 Des 2020,1.947.077.000,Pengembangan
699,WIIM,Wismilak Inti Makmur Tbk.,18 Des 2012,2.099.873.760,Utama
700,WIKA,Wijaya Karya (Persero) Tbk.,29 Okt 2007,8.969.951.372,Utama
701,WINS,Wintermar Offshore Marine Tbk.,29 Nov 2010,4.243.011.640,Utama
702,WOMF,Wahana Ottomitra Multiartha Tb,13 Des 2004,3.481.481.480,Utama
703,WOOD,Integra Indocabinet Tbk.,21 Jun 2017,6.306.250.000,Utama
704,WOWS,Ginting Jaya Energi Tbk.,08 Nov 2019,2.475.720.000,Pengembangan
705,WSBP,Waskita Beton Precast Tbk.,20 Sep 2016,26.361.157.534,Utama
706,WSKT,Waskita Karya (Persero) Tbk.,19 Des 2012,13.573.951.000,Utama
707,WTON,Wijaya Karya Beton Tbk.,08 Apr 2014,8.715.466.600,Utama
708,YELO,Yelooo Integra Datanet Tbk.,29 Okt 2018,380.043.597,Pengembangan
709,YPAS,Yanaprima Hastapersada Tbk,05 Mar 2008,668.000.089,Pengembangan
710,YULE,Yulie Sekuritas Indonesia Tbk.,10 Des 2004,1.785.000.000,Pengembangan
711,ZBRA,Zebra Nusantara Tbk,01 Ags 1991,856.133.009,Pengembangan
712,ZINC,Kapuas Prima Coal Tbk.,16 Okt 2017,25.250.000.000,Pengembangan
713,ZONE,Mega Perintis Tbk.,12 Des 2018,870.171.478,Pengembangan
